ResponseId,PMC_K,PMC_H,PMC_FINAL,Morals_Prosocial_K,Morals_Prosocial_H,Morals_Prosocial_FINAL,Integration of Morals_PMC_K,Integration of Morals_PMC_H,Integration of Morals_PMC_FINAL,morality_irrelevant_K,morality_irrelevant_H,morality_irrelevant_FINAL,lacks_moral_behaviour_K,lacks_moral_behaviour_H,lacks_moral_behaviour_FINAL,Variable_process_engagement_K,Variable_process_engagement_H,Variable_process_engagement_FINAL,Ignores_emotion_K,Ignores_emotion_H,Ignores_emotion_FINAL,Needs_behaviour_K,Needs_behaviour_H,Needs_behaviour_FINAL,no_contemplative_traditions_K,no_contemplative_traditions_H,no_contemplative_traditions_FINAL,AR_K,AR_H,AR_FINAL,U_K,U_H,U_FINAL,MBR_K,MBR_H,MBR_FINAL,CCOMPETENCE_K,CCOMPETENCE_H,CCOMPETENCE_FINAL
R_DeCfrcEBlZjk2nD,,,,,,,,,,,,,,,,,,,,,,,,,,,,1,0,1,0,0,0,0,0,0,1,1,1
R_3jYE5vFuWhpV8rH,,,,,,,,,,,,,,,,,,,,,,,,,,,,1,1,1,0,0,0,0,0,0,1,1,1
R_291fEHFTI40Olla,,,,,,,,,,,,,,,,,,,,,,,,,,,,1,1,1,1,1,1,0,0,0,0,0,0
R_V296jSdgKSf1Q41,1,1,1,0,0,0,0,0,0,1,1,1,0,0,0,0,0,0,0,0,0,0,0,0,0,0,0,0,1,0,1,1,1,0,0,0,0,0,0
R_3q0nla6hA2XBphD,,,,,,,,,,,,,,,,,,,,,,,,,,,,,,,,,,,,,,,
R_C4Fh1N1JtqklC37,,,,,,,,,,,,,,,,,,,,,,,,,,,,,,,,,,,,,,,
R_2VgZ8RGiWndMczF,,,,,,,,,,,,,,,,,,,,,,,,,,,,,,,,,,,,,,,
R_1EbzsOsMNIMcYT9,,,,,,,,,,,,,,,,,,,,,,,,,,,,,,,,,,,,,,,
R_12GcTct27RPS3tO,,,,,,,,,,,,,,,,,,,,,,,,,,,,1,1,1,0,0,0,0,1,0,0,0,0
R_1Kx9ADaEBDxI2m5,,,,,,,,,,,,,,,,,,,,,,,,,,,,,,,,,,,,,,,
R_1FIH7xBsgynwAX4,,,,,,,,,,,,,,,,,,,,,,,,,,,,0,0,0,1,1,1,0,0,0,1,1,1
R_bNIV92skSjtreWl,,,,,,,,,,,,,,,,,,,,,,,,,,,,1,1,1,0,0,0,0,0,0,0,0,0
R_3fq4TVYfv2O7kzh,,,,,,,,,,,,,,,,,,,,,,,,,,,,1,1,1,0,0,0,0,0,0,0,0,0
R_1FhL3qJZkUQcell,,,,,,,,,,,,,,,,,,,,,,,,,,,,0,1,0,0,0,0,1,1,1,1,0,0
R_vHOhizRzcr7UAtb,,,,,,,,,,,,,,,,,,,,,,,,,,,,,,,,,,,,,,,
R_2B42lbwRTpE3ehM,,,,,,,,,,,,,,,,,,,,,,,,,,,,,,,,,,,,,,,
R_1dgF3eO56e49qFR,,,,,,,,,,,,,,,,,,,,,,,,,,,,0,1,0,1,0,1,0,0,0,1,1,1
R_1Lciz27Ae6SaQ8r,,,,,,,,,,,,,,,,,,,,,,,,,,,,,,,,,,,,,,,
R_1Cd0hiUwT7FWITp,,,,,,,,,,,,,,,,,,,,,,,,,,,,,,,,,,,,,,,
R_3F4EkBVQYoauKap,,,,,,,,,,,,,,,,,,,,,,,,,,,,0,0,0,0,0,0,0,0,0,0,0,0
R_d7hg7GI6CAFFzeV,,,,,,,,,,,,,,,,,,,,,,,,,,,,1,1,1,0,0,0,0,0,0,1,1,1
R_0dNiOO0GCnLW6zv,,,,,,,,,,,,,,,,,,,,,,,,,,,,0,0,0,1,0,1,0,0,0,1,1,1
R_RkNjtEVJok8tZZv,,,,,,,,,,,,,,,,,,,,,,,,,,,,1,1,1,0,0,0,0,0,0,0,0,0
R_290N89LILZshb1P,,,,,,,,,,,,,,,,,,,,,,,,,,,,1,1,1,0,0,0,0,0,0,0,0,0
R_3gXIVolTT8Kqknu,,,,,,,,,,,,,,,,,,,,,,,,,,,,,,,,,,,,,,,
R_2YmHv6iB6UgxNFW,,,,,,,,,,,,,,,,,,,,,,,,,,,,1,1,1,0,0,0,0,0,0,0,0,0
R_2rZz7H3NtqSF7u5,,,,,,,,,,,,,,,,,,,,,,,,,,,,,,,,,,,,,,,
R_SOV8vlE5vX2juPT,,,,,,,,,,,,,,,,,,,,,,,,,,,,,,,,,,,,,,,
R_22AmzZtmEWL396o,,,,,,,,,,,,,,,,,,,,,,,,,,,,1,0,0,0,0,0,0,0,0,1,1,1
R_0UHTDpcW9XtaDa9,,,,,,,,,,,,,,,,,,,,,,,,,,,,1,1,1,0,0,0,0,0,0,0,0,0
R_1pmLidTRmnB2i7v,,,,,,,,,,,,,,,,,,,,,,,,,,,,,,,,,,,,,,,
R_sp272r5rh5MXsMp,,,,,,,,,,,,,,,,,,,,,,,,,,,,,,,,,,,,,,,
R_781TKqjMrFi1LB7,,,,,,,,,,,,,,,,,,,,,,,,,,,,1,1,1,0,0,0,0,0,0,1,1,1
R_2E50rIQlTUPpMFY,,,,,,,,,,,,,,,,,,,,,,,,,,,,,,,,,,,,,,,
R_bDdNoWrC3tSnBJL,,,,,,,,,,,,,,,,,,,,,,,,,,,,,,,,,,,,,,,
R_DoOO9pyx5nMfk77,,,,,,,,,,,,,,,,,,,,,,,,,,,,,,,,,,,,,,,
R_1MMPSN28kVBNTN7,,,,,,,,,,,,,,,,,,,,,,,,,,,,,,,,,,,,,,,
R_T1PHEcafCn91xKx,,,,,,,,,,,,,,,,,,,,,,,,,,,,,,,,,,,,,,,
R_12a2sYwBytY3pwj,,,,,,,,,,,,,,,,,,,,,,,,,,,,0,1,0,0,0,0,0,0,0,0,0,0
R_1jHrylszG7fdf9B,,,,,,,,,,,,,,,,,,,,,,,,,,,,,,,,,,,,,,,
R_1lrDAoVyefgrXUZ,,,,,,,,,,,,,,,,,,,,,,,,,,,,,,,,,,,,,,,
R_25Acm9pT40WDGZz,0,0,0,0,0,0,0,0,0,0,0,0,0,0,0,0,0,0,0,0,0,1,1,1,0,0,0,1,1,1,1,1,1,0,0,0,1,1,1
R_1MLb7JP0R31iun7,,,,,,,,,,,,,,,,,,,,,,,,,,,,,,,,,,,,,,,
R_2EbFEBe2QJHxRVG,,,,,,,,,,,,,,,,,,,,,,,,,,,,1,1,1,0,0,0,1,1,1,1,1,1
R_1eVMEV4a8nYscxq,,,,,,,,,,,,,,,,,,,,,,,,,,,,,,,,,,,,,,,
R_1rNSs47thV39mEz,,,,,,,,,,,,,,,,,,,,,,,,,,,,,,,,,,,,,,,
R_Rrvmeelho0qnY8F,,,,,,,,,,,,,,,,,,,,,,,,,,,,0,1,1,0,0,0,0,0,0,0,0,0
R_VL9FOfqBu1ppsXf,,,,,,,,,,,,,,,,,,,,,,,,,,,,0,0,0,1,1,1,0,0,0,0,0,0
R_2SjjhzCaNDX5YmZ,,,,,,,,,,,,,,,,,,,,,,,,,,,,,,,,,,,,,,,
R_3MSCwDqdAiZukAU,,,,,,,,,,,,,,,,,,,,,,,,,,,,1,1,1,0,0,0,0,0,0,0,0,0
R_1ojSIdvzQEC8yrh,1,1,1,0,0,0,0,0,0,1,1,1,0,0,0,0,0,0,0,0,0,0,0,0,0,0,0,1,1,1,0,0,0,0,0,0,1,0,0
R_zS6NvCOTwpomSqt,,,,,,,,,,,,,,,,,,,,,,,,,,,,,,,,,,,,,,,
R_3JIOAgirkPlVrEN,,,,,,,,,,,,,,,,,,,,,,,,,,,,,,,,,,,,,,,
R_2PuQop65qdYytLn,0,0,0,1,1,1,1,1,1,0,0,0,0,0,0,1,1,1,0,0,0,0,1,0,0,0,0,0,0,0,1,1,1,0,0,0,0,0,0
R_1kTwkfiNtBRt7Wj,,,,,,,,,,,,,,,,,,,,,,,,,,,,,,,,,,,,,,,
R_1hLu05DCnaRz79k,,,,,,,,,,,,,,,,,,,,,,,,,,,,,,,,,,,,,,,
R_3DhbUxIrCAROY2U,,,,,,,,,,,,,,,,,,,,,,,,,,,,,,,,,,,,,,,
R_R4fuzYeuqgVEYQp,,,,,,,,,,,,,,,,,,,,,,,,,,,,,,,,,,,,,,,
R_31t1ullfCxgUpqJ,,,,,,,,,,,,,,,,,,,,,,,,,,,,,,,,,,,,,,,
R_OCe8IdUprZjvoC5,,,,,,,,,,,,,,,,,,,,,,,,,,,,,,,,,,,,,,,
R_1gCSr9iPyvzColS,,,,,,,,,,,,,,,,,,,,,,,,,,,,1,0,1,1,0,0,1,1,1,1,1,1
R_3PHlyysKz72mQgC,,,,,,,,,,,,,,,,,,,,,,,,,,,,,,,,,,,,,,,
R_1CBzOGczm8rJwKO,1,1,1,0,0,0,0,0,0,0,0,0,0,0,0,0,0,0,1,1,1,0,0,0,0,0,0,1,1,1,0,0,0,0,0,0,0,0,0
R_DHt3WkPcS9yqcaB,,,,,,,,,,,,,,,,,,,,,,,,,,,,,,,,,,,,,,,
R_2XdqUYSGdFotixV,,,,,,,,,,,,,,,,,,,,,,,,,,,,0,0,0,0,0,0,0,0,0,0,0,0
R_3NVZVWDv5aSxMoy,,,,,,,,,,,,,,,,,,,,,,,,,,,,,,,,,,,,,,,
R_2DML571qZ1vHlLI,,,,,,,,,,,,,,,,,,,,,,,,,,,,,,,,,,,,,,,
R_2earSOLyUyfk0xx,1,1,1,1,1,1,0,0,0,0,0,0,0,0,0,1,1,1,0,0,0,0,0,0,0,0,0,1,1,1,0,0,0,1,1,1,0,0,0
R_2Yyqcauz5Sta9ud,,,,,,,,,,,,,,,,,,,,,,,,,,,,,,,,,,,,,,,
R_1hEIbdQdCeAxeON,1,1,1,0,0,0,0,0,0,0,0,0,0,0,0,0,0,0,0,0,0,0,0,0,0,0,0,0,0,0,0,0,0,0,0,0,0,0,0
R_2Xgl3JsXhZSQG1m,,,,,,,,,,,,,,,,,,,,,,,,,,,,,,,,,,,,,,,
R_0kPhtL9jxLScmWJ,,,,,,,,,,,,,,,,,,,,,,,,,,,,1,0,0,0,0,0,0,0,1,1,1,1
R_xnZC7w2RxDSh2jn,,,,,,,,,,,,,,,,,,,,,,,,,,,,,,,,,,,,,,,
R_3JlRL3GAP3dnuT6,,,,,,,,,,,,,,,,,,,,,,,,,,,,1,1,1,0,0,0,0,0,0,0,0,0
R_Dw7GhhdNE7M7W4F,,,,,,,,,,0,0,0,0,0,0,0,0,0,0,0,0,0,0,0,0,0,0,,,,,,,,,,,,
R_2X71No1TLOm6pU2,,,,,,,,,,,,,,,,,,,,,,,,,,,,,,,,,,,,,,,
R_296OFkbyt3qaWOk,,,,,,,,,,,,,,,,,,,,,,,,,,,,,,,,,,,,,,,
R_1feYHicecdVuiSB,,,,,,,,,,,,,,,,,,,,,,,,,,,,,,,,,,,,,,,
R_1OwBS8HlclzErNc,,,,,,,,,,,,,,,,,,,,,,,,,,,,,,,,,,,,,,,
R_2BhYIgXODzSPbmb,,,,,,,,,,,,,,,,,,,,,,,,,,,,,,,,,,,,,,,
R_2ZWbevaWewbz4vp,,,,,,,,,,,,,,,,,,,,,,,,,,,,,,,,,,,,,,,
R_1mUhJYWfPPQdKE6,,,,,,,,,,,,,,,,,,,,,,,,,,,,0,0,0,1,0,1,0,0,0,0,0,0
R_2QKEhIE1kvh6PyP,,,,,,,,,,,,,,,,,,,,,,,,,,,,,,,,,,,,,,,
R_2rj84QQw8jQZW6t,,,,,,,,,,,,,,,,,,,,,,,,,,,,0,0,0,1,0,1,0,0,0,1,1,1
R_1f17VlGGKZWboAg,,,,,,,,,,,,,,,,,,,,,,,,,,,,1,1,1,0,0,0,0,0,0,1,1,1
R_3EmxciyPd5HV0kK,,,,,,,,,,,,,,,,,,,,,,,,,,,,,,,,,,,,,,,
R_1OACKJihj4ebqlL,,,,,,,,,,,,,,,,,,,,,,,,,,,,,,,,,,,,,,,
R_5jsSh3YbfdjwKop,,,,,,,,,,,,,,,,,,,,,,,,,,,,,,,,,,,,,,,
R_1exkUwpyqJE9QKP,,,,,,,,,,,,,,,,,,,,,,,,,,,,,,,,,,,,,,,
R_2WwLWthy5YATZoq,1,1,1,1,1,1,1,1,1,1,1,1,0,0,0,1,1,1,1,1,1,1,1,1,0,0,0,0,0,0,1,0,1,0,0,0,0,0,0
R_3QKQmQ1zZN6LBk1,,,,,,,,,,,,,,,,,,,,,,,,,,,,,,,,,,,,,,,
R_21yTZHeLTatX2iS,,,,,,,,,,,,,,,,,,,,,,,,,,,,,,,,,,,,,,,
R_3e9OWqyjzFZnXZb,,,,,,,,,,,,,,,,,,,,,,,,,,,,1,1,1,0,0,0,0,0,0,0,0,0
R_3QEEIICQE3nX1XB,0,0,0,0,0,0,1,1,1,0,0,0,0,0,0,0,0,0,1,0,1,0,0,0,0,0,0,1,1,1,0,0,0,0,0,0,0,0,0
R_2AL1DanveT8vFTt,,,,,,,,,,,,,,,,,,,,,,,,,,,,,,,,,,,,,,,
R_dmdMLFkK11hWuzv,,,,,,,,,,,,,,,,,,,,,,,,,,,,0,0,0,0,0,0,0,0,0,0,0,0
R_pz9qRAfFOTcdl2F,,,,,,,,,,,,,,,,,,,,,,,,,,,,,,,,,,,,,,,
R_1QMm30nEjLStwxU,,,,,,,,,,,,,,,,,,,,,,,,,,,,1,1,1,0,0,0,0,0,0,1,1,1
R_1P7ScTZWp05YNEI,,,,,,,,,,,,,,,,,,,,,,,,,,,,,,,,,,,,,,,
R_3PYul9QEV8VAmKs,,,,,,,,,,,,,,,,,,,,,,,,,,,,,,,,,,,,,,,
R_rqeOgQQ1WKvzEjv,1,1,1,0,0,0,0,0,0,0,0,0,0,0,0,0,0,0,1,1,1,1,1,1,0,0,0,1,1,1,0,0,0,0,0,0,0,0,0
R_ue3dMEEwOnUNTsR,,,,,,,,,,,,,,,,,,,,,,,,,,,,,,,,,,,,,,,
R_1GvLPyqvDkPtlIP,,,,,,,,,,,,,,,,,,,,,,,,,,,,1,1,1,0,0,0,0,0,0,0,0,0
R_wT9aOrdZvEsqfx7,,,,,,,,,,,,,,,,,,,,,,,,,,,,,,,,,,,,,,,
R_3rZe20hDDSHFjga,1,1,1,0,0,0,0,0,0,1,0,0,1,1,1,0,0,0,0,0,0,0,0,0,0,0,0,0,0,0,1,1,1,0,0,0,0,0,0
R_WcAxuOYGKx5HBDj,,,,,,,,,,,,,,,,,,,,,,,,,,,,1,0,1,0,0,0,0,0,0,1,1,1
R_3e8KDBRnhndosMT,,,,,,,,,,,,,,,,,,,,,,,,,,,,0,0,0,1,1,1,0,0,0,0,0,0
R_3hc4kCMhAZPcwdQ,,,,,,,,,,,,,,,,,,,,,,,,,,,,,,,,,,,,,,,
R_2Y8KKaJFkZQEhrK,0,0,0,1,1,1,0,0,0,0,0,0,0,0,0,0,0,0,0,0,0,0,0,0,0,0,0,,0,0,,0,0,,0,0,,0,0
R_yU3kknLzTGNFuhj,,,,,,,,,,,,,,,,,,,,,,,,,,,,,,,,,,,,,,,
R_Yb0YSfZWoVueYWB,,,,,,,,,,,,,,,,,,,,,,,,,,,,,,,,,,,,,,,
R_2WuSQx5SybyLPf9,,,,,,,,,,0,0,0,0,0,0,0,0,0,0,0,0,0,0,0,1,1,1,,0,0,,0,0,,0,0,,0,0
R_248ySBRq99Co2qz,,,,,,,,,,,,,,,,,,,,,,,,,,,,0,0,0,1,1,1,0,0,0,0,0,0
R_2zGy8cKFOVEEytd,,,,,,,,,,,,,,,,,,,,,,,,,,,,,,,,,,,,,,,
R_1GlQVgjbkRxmPXr,,,,,,,,,,,,,,,,,,,,,,,,,,,,0,0,0,1,1,1,0,0,0,0,0,0
R_1hKXrHDWIyBmPqG,,,,,,,,,,,,,,,,,,,,,,,,,,,,,,,,,,,,,,,
R_2c9R8WRjdjBmTDz,,,,,,,,,,,,,,,,,,,,,,,,,,,,1,1,1,0,0,0,1,1,1,0,0,0
R_1mgCUj7AlaAMzak,1,1,1,0,0,0,0,0,0,0,0,0,0,0,0,1,1,1,0,0,0,1,1,1,0,0,0,1,1,1,0,0,0,1,1,1,1,0,0
R_2QoicWQsmea0k6I,,,,,,,,,,,,,,,,,,,,,,,,,,,,,,,,,,,,,,,
R_3neLJa1e61KFF7a,,,,,,,,,,,,,,,,,,,,,,,,,,,,1,1,1,1,1,1,0,0,0,1,1,1
R_1dN4JxsnFrxGF3k,,,,,,,,,,,,,,,,,,,,,,,,,,,,1,1,1,0,1,0,0,0,0,0,0,0
R_1LuJJEbHDIl8vgA,,,,,,,,,,,,,,,,,,,,,,,,,,,,0,0,0,0,0,0,0,0,0,1,1,1
R_2bNP1uzQPThc7x9,,,,,,,,,,,,,,,,,,,,,,,,,,,,0,0,0,1,1,1,0,0,0,0,0,0
R_28HcG4dGnw6CMfn,,,,,,,,,,,,,,,,,,,,,,,,,,,,,,,,,,,,,,,
R_1GIjFyPNrHA1KG1,,,,,,,,,,,,,,,,,,,,,,,,,,,,,,,,,,,,,,,
R_vCgPt9mfwluAwOR,,,,,,,,,,,,,,,,,,,,,,,,,,,,,,,,,,,,,,,
R_2gy1waNIlRfXHNL,,,,,,,,,,,,,,,,,,,,,,,,,,,,1,1,1,0,0,0,0,0,0,0,0,0
R_3GxF8spjg7Esfhx,,,,,,,,,,,,,,,,,,,,,,,,,,,,,,,,,,,,,,,
R_3dVYJTrmWXarSc3,,,,,,,,,,,,,,,,,,,,,,,,,,,,,,,,,,,,,,,
R_3QGlYWNvV95EvsG,,,,,,,,,,,,,,,,,,,,,,,,,,,,,,,,,,,,,,,
R_12rLnHXuYF85Ziz,,,,,,,,,,,,,,,,,,,,,,,,,,,,,,,,,,,,,,,
R_OpruA0Jf61j4pgZ,,,,,,,,,,,,,,,,,,,,,,,,,,,,,,,,,,,,,,,
R_BXKA5c45GzB8ASt,0,0,0,1,1,1,1,1,1,0,0,0,0,0,0,0,0,0,0,0,0,0,0,0,0,0,0,1,1,1,0,0,0,0,0,0,1,0,0
R_1js14yvS6Rg36RT,,,,,,,,,,,,,,,,,,,,,,,,,,,,,,,,,,,,,,,
R_2PnuvN3kAsRze0K,,,,,,,,,,,,,,,,,,,,,,,,,,,,0,0,0,0,0,0,0,0,0,0,0,0
R_2B9w1SGQrK00JRN,,,,,,,,,,,,,,,,,,,,,,,,,,,,,,,,,,,,,,,
R_3HAArnjR2zIrcNB,,,,,,,,,,,,,,,,,,,,,,,,,,,,1,1,1,0,0,0,0,0,0,1,1,1
R_3JeZSNmLXmhO4OQ,,,,,,,,,,,,,,,,,,,,,,,,,,,,,,,,,,,,,,,
R_C4bvcd4psu1nj4l,,,,,,,,,,,,,,,,,,,,,,,,,,,,,,,,,,,,,,,
R_xxfJ0pjy9bNhtn3,,,,,,,,,,,,,,,,,,,,,,,,,,,,,,,,,,,,,,,
R_sZoqo9hQFM3iyoV,0,0,0,0,0,0,0,0,0,0,0,0,0,0,0,0,0,0,0,0,0,0,0,0,0,0,0,0,0,0,0,0,0,0,0,0,1,1,1
R_3MKYKVuUOoOAxLr,,,,,,,,,,,,,,,,,,,,,,,,,,,,0,0,0,1,1,1,0,0,0,1,1,1
R_1oGE1a1FW8yRsNT,,,,,,,,,,,,,,,,,,,,,,,,,,,,,,,,,,,,,,,
R_3lRcKkRwSDA4Rwt,,,,,,,,,,,,,,,,,,,,,,,,,,,,,,,,,,,,,,,
R_2t9TIjWLFxFb1Nq,,,,,,,,,,,,,,,,,,,,,,,,,,,,,,,,,,,,,,,
R_CetWXkJIzpAUGvD,,,,,,,,,,,,,,,,,,,,,,,,,,,,,,,,,,,,,,,
R_3JLciF8TbvHkTK1,,,,,,,,,,,,,,,,,,,,,,,,,,,,,,,,,,,,,,,
R_eOJlYuAYPQB5E5P,,,,,,,,,,,,,,,,,,,,,,,,,,,,1,1,1,0,0,0,0,0,0,0,0,0
R_262N2X9bSGx2NY2,,,,,,,,,,,,,,,,,,,,,,,,,,,,,,,,,,,,,,,
R_2UVeCz712CNkNDE,,,,,,,,,,,,,,,,,,,,,,,,,,,,,,,,,,,,,,,
R_3HUlbH0wJyXfEg3,,,,,,,,,,,,,,,,,,,,,,,,,,,,1,1,1,0,0,0,0,0,0,0,0,0
R_2DS260Xpgr4yIuc,,,,,,,,,,,,,,,,,,,,,,,,,,,,1,1,1,0,0,0,0,0,0,0,1,0
R_217lmB5s0Id8bMp,,,,,,,,,,,,,,,,,,,,,,,,,,,,0,0,0,1,1,1,0,0,0,1,1,1
R_3CJIsNpEGmakFaB,,,,,,,,,,,,,,,,,,,,,,,,,,,,,,,,,,,,,,,
R_1FrNl9Qay5wTWsl,,,,,,,,,,,,,,,,,,,,,,,,,,,,,,,,,,,,,,,
R_1LhN2Cu8cXWztsd,0,0,0,0,0,0,0,0,0,0,0,0,0,0,0,0,0,0,0,0,0,0,0,0,0,0,0,0,0,0,,0,0,,0,0,,0,0
R_29buDXe1fPSk60A,,,,,,,,,,,,,,,,,,,,,,,,,,,,,,,,,,,,,,,
R_2uKWjw0hKtnKp0N,,,,,,,,,,,,,,,,,,,,,,,,,,,,,,,,,,,,,,,
R_3nJlfXZRntCbPcB,1,1,1,0,0,0,0,0,0,0,0,0,0,0,0,0,0,0,0,0,0,0,0,0,0,0,0,1,1,1,0,0,0,0,0,0,1,1,1
R_3EyX6hUzpjs2Qis,,,,,,,,,,,,,,,,,,,,,,,,,,,,1,1,1,0,1,0,0,0,0,1,1,1
R_3dG783DVGQ02uUG,1,1,1,0,0,0,0,0,0,,,,,,,,,,,,,,,,,,,1,1,1,0,0,0,0,0,0,1,1,1
R_2ZWizkzeBRM1Kdb,,,,,,,,,,,,,,,,,,,,,,,,,,,,,,,,,,,,,,,
R_1dHd0sjxTInbzhw,,,,,,,,,,,,,,,,,,,,,,,,,,,,,,,,,,,,,,,
R_3Jx87W4y00CY0Va,,,,,,,,,,,,,,,,,,,,,,,,,,,,,,,,,,,,,,,
R_215l2pZ7elNSTgu,,,,,,,,,,,,,,,,,,,,,,,,,,,,,,,,,,,,,,,
R_33fBdvd344mhCqE,,,,,,,,,,,,,,,,,,,,,,,,,,,,,,,,,,,,,,,
R_0UtSnGZ1q71PoTD,,,,,,,,,,,,,,,,,,,,,,,,,,,,,,,,,,,,,,,
R_3FLpa7rt9T470CQ,,,,,,,,,,,,,,,,,,,,,,,,,,,,,,,,,,,,,,,
R_DG0LrXzwxvI7ltL,,,,,,,,,,,,,,,,,,,,,,,,,,,,,,,,,,,,,,,
R_3r0z0Z9dwIZZKWE,,,,,,,,,,,,,,,,,,,,,,,,,,,,1,1,1,0,0,0,0,0,0,0,0,0
R_2Esr53DXQdgWnn7,,,,,,,,,,,,,,,,,,,,,,,,,,,,1,1,1,0,0,0,0,0,0,0,0,0
R_ypVmGUVcdso4hgJ,,,,,,,,,,,,,,,,,,,,,,,,,,,,,,,,,,,,,,,
R_2awyhw9QtUahstL,,,,,,,,,,,,,,,,,,,,,,,,,,,,,,,,,,,,,,,
R_3flBnPV1t3Ab9fo,,,,,,,,,,,,,,,,,,,,,,,,,,,,1,1,1,0,0,0,0,0,0,0,0,0
R_1BY3iGkekDzZjkm,,,,,,,,,,,,,,,,,,,,,,,,,,,,,,,,,,,,,,,
R_29nUsLhqt9SLagD,,,,,,,,,,,,,,,,,,,,,,,,,,,,,,,,,,,,,,,
R_3kE1tT96AlGAuS5,,,,,,,,,,,,,,,,,,,,,,,,,,,,,,,,,,,,,,,
R_3Lhv04PYDBCYqPU,,,,,,,,,,,,,,,,,,,,,,,,,,,,,,,,,,,,,,,
R_3PiRVOS4XJ3l6eQ,,,,,,,,,,,,,,,,,,,,,,,,,,,,,,,,,,,,,,,
R_1QaxfrkgLS4QSMn,,,,,,,,,,,,,,,,,,,,,,,,,,,,,,,,,,,,,,,
R_3kpvWXyZsOTr0ur,,,,,,,,,,,,,,,,,,,,,,,,,,,,0,0,0,0,1,1,0,0,0,1,1,1
R_3LhyJUux0yFnqBk,0,0,0,0,0,0,0,0,0,0,0,0,0,0,0,0,0,0,0,0,0,0,0,0,0,0,0,0,0,0,0,0,0,0,0,0,0,0,0
R_31ilxk0y67uFd1W,,,,,,,,,,,,,,,,,,,,,,,,,,,,0,0,0,0,0,0,0,0,0,1,1,1
R_3isQFxcZe7SCoTJ,,,,,,,,,,,,,,,,,,,,,,,,,,,,,,,,,,,,,,,
R_6Jw4ogWsqRktggp,,,,,,,,,,,,,,,,,,,,,,,,,,,,,,,,,,,,,,,
R_xr5CaTadKh96H29,,,,,,,,,,,,,,,,,,,,,,,,,,,,,,,,,,,,,,,
R_30w7njz3308m4JN,,,,,,,,,,,,,,,,,,,,,,,,,,,,,,,,,,,,,,,
R_AFlczrajkWqSfND,,,,,,,,,,,,,,,,,,,,,,,,,,,,,,,,,,,,,,,
R_1C41jSAex1FANFL,,,,,,,,,,,,,,,,,,,,,,,,,,,,0,0,0,0,0,0,0,0,0,0,0,0
R_1LosFx5cbTsrlTs,,,,,,,,,,,,,,,,,,,,,,,,,,,,,,,,,,,,,,,
R_1jrLh2Db9niTyBL,,,,,,,,,,,,,,,,,,,,,,,,,,,,1,1,1,0,0,0,0,0,0,0,0,0
R_3pmzykPSYq7aBF7,,,,,,,,,,,,,,,,,,,,,,,,,,,,,,,,,,,,,,,
R_27efXK5yfYfRIOl,,,,,,,,,,,,,,,,,,,,,,,,,,,,0,0,0,0,0,0,0,0,0,0,0,0
R_1fja3vKXMmrK9yp,1,0,1,0,0,0,0,0,0,0,0,0,0,0,0,0,0,0,1,1,1,0,0,0,0,0,0,0,0,0,0,0,0,0,0,0,1,0,1
R_3KIxq3hpCsDb3PV,,,,,,,,,,,,,,,,,,,,,,,,,,,,,,,,,,,,,,,
R_3qQp41OLnJsWidg,,,,,,,,,,,,,,,,,,,,,,,,,,,,0,0,0,0,0,0,0,0,0,0,0,0
R_3qKxZfSs7iPx4gH,,,,,,,,,,,,,,,,,,,,,,,,,,,,,,,,,,,,,,,
R_3n6IvJeKhXaww6m,,,,,,,,,,,,,,,,,,,,,,,,,,,,1,1,1,0,0,0,0,0,0,1,1,1
R_vI8RROIXZwlalup,,,,,,,,,,,,,,,,,,,,,,,,,,,,,,,,,,,,,,,
R_1ihuvoDwy4sJeGE,,,,,,,,,,,,,,,,,,,,,,,,,,,,0,0,0,0,0,0,0,0,0,0,0,0
R_2b3535XQdIq6fGj,,,,,,,,,,,,,,,,,,,,,,,,,,,,,,,,,,,,,,,
R_3L6CpnTPDe1BjIt,,,,,,,,,,,,,,,,,,,,,,,,,,,,0,0,0,0,0,0,0,0,0,0,0,0
R_vCeFOXHQtutHzVv,,,,,,,,,,,,,,,,,,,,,,,,,,,,1,1,1,0,0,0,0,0,0,0,0,0
R_agS62hBY8K7dKyR,,,,,,,,,,,,,,,,,,,,,,,,,,,,,,,,,,,,,,,
R_yJxIYqc84pK0nCx,,,,,,,,,,,,,,,,,,,,,,,,,,,,,,,,,,,,,,,
R_3ELIlcD1iqCSvRi,,,,,,,,,,,,,,,,,,,,,,,,,,,,0,0,0,0,0,0,0,0,0,0,0,0
R_57kdOj2kPhvjchH,,,,,,,,,,,,,,,,,,,,,,,,,,,,,,,,,,,,,,,
R_9uDayJz3IBJUqFH,,,,,,,,,,,,,,,,,,,,,,,,,,,,,,,,,,,,,,,
R_2tKk1RWHaBs8JsS,,,,,,,,,,,,,,,,,,,,,,,,,,,,,,,,,,,,,,,
R_1EcAf6R4ET1qp7Z,,,,,,,,,,,,,,,,,,,,,,,,,,,,,,,,,,,,,,,
R_2EGIs3VCrsaF3p1,,,,,,,,,,,,,,,,,,,,,,,,,,,,0,0,0,1,1,1,0,0,0,0,0,0
R_1Cdw0STllHNUAuT,,,,,,,,,,,,,,,,,,,,,,,,,,,,1,1,1,0,0,0,0,0,0,0,0,0
R_3Jf4baUt6DXDALN,,,,,,,,,,,,,,,,,,,,,,,,,,,,1,1,1,0,0,0,0,0,0,1,1,1
R_SYRh0gmWmWxFYLn,,,,,,,,,,,,,,,,,,,,,,,,,,,,,,,,,,,,,,,
R_24CxYve9fUbnpqt,0,0,0,0,0,0,0,0,0,0,0,0,0,0,0,0,0,0,1,1,1,0,0,0,0,0,0,1,1,1,0,0,0,0,0,0,1,1,1
R_1Q9Fd4N9XFPQc0d,,,,,,,,,,,,,,,,,,,,,,,,,,,,,,,,,,,,,,,
R_1lxF3pDgodnXJWk,,,,,,,,,,,,,,,,,,,,,,,,,,,,,,,,,,,,,,,
R_A5v0lShrnQG3s2Z,0,0,0,0,0,0,0,0,0,0,0,0,0,0,0,0,0,0,0,0,0,0,0,0,0,0,0,,,,,,,,,,,,
R_33DuQlWAQilYdzf,,,,,,,,,,,,,,,,,,,,,,,,,,,,,,,,,,,,,,,
R_1r6BvoZ9HAwmN8F,1,1,1,0,0,0,0,0,0,0,0,0,0,0,0,0,0,0,0,0,0,0,0,0,0,0,0,,,,,,,,,,,,
R_22A0qz2NFITmRAL,,,,,,,,,,,,,,,,,,,,,,,,,,,,,,,,,,,,,,,
R_1pEYzWAPRLmzdIi,,,,,,,,,,,,,,,,,,,,,,,,,,,,,,,,,,,,,,,
R_3CTSeFp8GPBD1k2,,,,,,,,,,,,,,,,,,,,,,,,,,,,,,,,,,,,,,,
R_3ERv9LehEWlk4bh,,,,,,,,,,,,,,,,,,,,,,,,,,,,0,0,0,0,0,0,0,0,0,0,0,0
R_3jxyR2GAjJJnUyt,,,,,,,,,,,,,,,,,,,,,,,,,,,,,,,,,,,,,,,
R_1OTUNyY7WfeRORf,,,,,,,,,,,,,,,,,,,,,,,,,,,,,,,,,,,,,,,
R_25H4Gv2aNBWvFAv,,,,,,,,,,,,,,,,,,,,,,,,,,,,,,,,,,,,,,,
R_21cBYu4RZGmMvhs,,,,,,,,,,,,,,,,,,,,,,,,,,,,,,,,,,,,,,,
R_1MQXXC9SZdRvEoO,,,,,,,,,,,,,,,,,,,,,,,,,,,,,,,,,,,,,,,
R_3OulfWhBLstaxUt,,,,,,,,,,,,,,,,,,,,,,,,,,,,1,1,1,0,0,0,0,0,0,1,0,0
R_D2jSyG6uaSfOaBP,,,,,,,,,,,,,,,,,,,,,,,,,,,,,,,,,,,,,,,
R_3nVQMxFLfcGR5XO,,,,,,,,,,,,,,,,,,,,,,,,,,,,,,,,,,,,,,,
R_b7AFs8c1Tt9NpyF,,,,,,,,,,,,,,,,,,,,,,,,,,,,,,,,,,,,,,,
R_3Rwij4R1atC2w3I,,,,,,,,,,,,,,,,,,,,,,,,,,,,,,,,,,,,,,,
R_2YYAH7Rw3OkPvg6,0,0,0,1,1,1,0,0,0,0,1,0,1,1,1,0,0,0,0,0,0,0,0,0,0,0,0,0,0,0,0,0,0,0,0,0,0,0,0
R_3Mfl5i5G1Y4ILQ9,,,,,,,,,,,,,,,,,,,,,,,,,,,,,,,,,,,,,,,
R_1jfTu5OJHACw7x5,,,,,,,,,,,,,,,,,,,,,,,,,,,,,,,,,,,,,,,
R_1kXfOxBWPobDUvW,,,,,,,,,,,,,,,,,,,,,,,,,,,,,,,,,,,,,,,
R_1EWOnUcEg5l7UWd,,,,,,,,,,,,,,,,,,,,,,,,,,,,,,,,,,,,,,,
R_123zeU8Nodtvojh,,,,,,,,,,,,,,,,,,,,,,,,,,,,0,0,0,0,0,0,0,0,0,0,0,0
R_3MQbSfcMPK1RROF,,,,,,,,,,,,,,,,,,,,,,,,,,,,,,,,,,,,,,,
R_VPxNvrEZc6c3sLT,,,,,,,,,,,,,,,,,,,,,,,,,,,,,,,,,,,,,,,
R_2Uhi0sSMOw44Ojs,,,,,,,,,,,,,,,,,,,,,,,,,,,,,,,,,,,,,,,
R_2U0288FmiGH0eoT,,,,,,,,,,,,,,,,,,,,,,,,,,,,,,,,,,,,,,,
R_2EFuak23nuqcKjk,,,,,,,,,,,,,,,,,,,,,,,,,,,,,,,,,,,,,,,
R_1CkJPJhFVpXo9ni,,,,,,,,,,,,,,,,,,,,,,,,,,,,,,,,,,,,,,,
R_cYDx14qEeY7iIbT,1,1,1,0,0,0,1,1,1,0,0,0,0,0,0,0,0,0,0,0,0,0,0,0,0,0,0,1,1,1,0,0,0,0,0,0,0,0,0
R_1gOetZvfwwrfcDv,,,,,,,,,,,,,,,,,,,,,,,,,,,,1,1,1,0,0,0,0,0,0,0,0,0
R_O3YT3u9kSiV5mPn,,,,,,,,,,,,,,,,,,,,,,,,,,,,,,,,,,,,,,,
R_3JsVis0uoJlT1MU,,,,,,,,,,,,,,,,,,,,,,,,,,,,,,,,,,,,,,,
R_43fNpcSitGYVjpv,,,,,,,,,,,,,,,,,,,,,,,,,,,,,,,,,,,,,,,
R_0B35dg3mYVEkOZz,,,,,,,,,,,,,,,,,,,,,,,,,,,,,,,,,,,,,,,
R_3jUJy1xsjTPbz4s,,,,,,,,,,,,,,,,,,,,,,,,,,,,,,,,,,,,,,,
R_PSZnU7ZIzheMdSF,,,,,,,,,,,,,,,,,,,,,,,,,,,,,,,,,,,,,,,
R_3iwBx3gULYHjAfN,,,,,,,,,,,,,,,,,,,,,,,,,,,,,,,,,,,,,,,
R_1GV5dKzzyfCPaFw,,,,,,,,,,,,,,,,,,,,,,,,,,,,,,,,,,,,,,,
R_2QQWjBUt1EFClbh,,,,,,,,,,,,,,,,,,,,,,,,,,,,,,,,,,,,,,,
R_2WUncOPOK1f9DMs,,,,,,,,,,,,,,,,,,,,,,,,,,,,,,,,,,,,,,,
R_eVQZTSPZWi213Hz,,,,,,,,,,,,,,,,,,,,,,,,,,,,0,0,0,0,0,0,0,0,0,0,0,0
R_2QtuBq9bPbK6bpX,,,,,,,,,,,,,,,,,,,,,,,,,,,,0,0,0,0,0,0,0,0,0,0,0,0
R_2ErUAaxJicWM7VV,,,,,,,,,,,,,,,,,,,,,,,,,,,,,,,,,,,,,,,
R_3MFmKytHc8og9fP,,,,,,,,,,,,,,,,,,,,,,,,,,,,,,,,,,,,,,,
R_2QrLVggdfybirjO,,,,,,,,,,,,,,,,,,,,,,,,,,,,,,,,,,,,,,,
R_1OoGlw6lBUpnlyw,,,,,,,,,,,,,,,,,,,,,,,,,,,,,,,,,,,,,,,
R_1eDkhWgNOLJaopF,,,,,,,,,,,,,,,,,,,,,,,,,,,,,,,,,,,,,,,
R_31HjYopwaU1z8i1,,,,,,,,,,,,,,,,,,,,,,,,,,,,,,,,,,,,,,,
R_8jGV1bIzSFFdZD3,,,,,,,,,,,,,,,,,,,,,,,,,,,,,,,,,,,,,,,
R_2ZWDqRnc3pwJu6I,,,,,,,,,,,,,,,,,,,,,,,,,,,,,,,,,,,,,,,
R_3PNbshQLkXeTnJ8,,,,,,,,,,,,,,,,,,,,,,,,,,,,,,,,,,,,,,,
